RecallRecId,UserName,UserID,RecordNo,RecordDayNo,RecordDayStatus,IntakeStartDateTime,IntakeEndDateTime,ReportingDate,Lang,NumSuppls,KCAL,PROT,TFAT,CARB,CAFF,SUGR,FIBE,CALC,IRON,MAGN,PHOS,POTA,SODI,ZINC,COPP,SELE,VC,VB1,VB2,NIAC,VB6,FOLA,FA,FDFE,VB12,VARA,BCAR,ACAR,CRYP,LYCO,LZ,ATOC,VK,CHOLE,SFAT,S080,S100,S140,S160,S180,MFAT,M181,PFAT,P182,P183,P204,P205,P225,P226,VITD,CHOLN,VITE_ADD,B12_ADD,DataComp
"1bb81029-748c-4ea6-8f82-c507cdfb33e1",GODIET305,"470fc1bc-025d-4ad1-aca5-eaf12abf54cd",2,3,2,"07/22/2020 0:00","07/22/2020 23:59",07/23/2020,1,6,0.0,0.0,0.0,0.0,0.0,0.0,0.0,2300.0,62.0,200.0,80.0,320.0,0.0,48.0,2.0,220.0,280.0,5.6,6.2,74.0,111.0,1600.0,1600.0,3200.0,68.0,4204.2044,0.0,0.0,0.0,0.0,300.0,56.25,125.0,0.0,0.0,0.0,0.0,0.0,0.0,0.0,0.0,0.0,0.0,0.0,0.0,0.0,0.0,0.0,0.0,120.0,0.0,56.25,68.0,1
"09125d25-e545-428f-881e-279fc80b9762",GODIET305,"470fc1bc-025d-4ad1-aca5-eaf12abf54cd",1,1,5,"03/11/2020 0:00","03/11/2020 23:59",03/11/2020,1,4,0.0,0.0,0.0,0.0,0.0,0.0,0.0,500.0,8.0,50.0,20.0,80.0,0.0,15.0,0.5,55.00000000000001,100.0,1.0999999999999999,1.0999999999999999,14.000000000000002,105.0,400.0,400.0,800.0,50.0,1051.0511,0.0,0.0,0.0,0.0,300.0,15.75,50.0,0.0,0.0,0.0,0.0,0.0,0.0,0.0,0.0,0.0,0.0,0.0,0.0,0.0,0.0,0.0,0.0,70.0,0.0,15.75,50.0,1
"52fdeeeb-9eb8-4f7c-babc-bd7c1e2bbf99",GODIET305,"470fc1bc-025d-4ad1-aca5-eaf12abf54cd",2,1,5,"07/20/2020 0:00","07/20/2020 23:59",07/20/2020,1,7,10.0,0.0,1.0,0.0,0.0,0.0,0.0,2000.0,62.0,200.0,80.0,320.0,0.0,48.0,2.0,220.0,280.0,5.6,6.2,74.0,111.0,1600.0,1600.0,3200.0,68.0,4204.2044,0.0,0.0,0.0,0.0,300.0,56.25,125.0,0.0,0.0,0.0,0.0,0.0,0.0,0.0,0.0,0.0,0.0,0.0,0.0,0.0,0.18,0.0,0.12,115.0,0.0,56.25,68.0,1
"446b2335-fae0-41cb-87f9-21075ed26779",GODIET305,"470fc1bc-025d-4ad1-aca5-eaf12abf54cd",2,2,5,"07/21/2020 0:00","07/21/2020 23:59",07/21/2020,1,6,30.0,0.0,3.0,0.0,0.0,0.0,0.0,1700.0,8.0,50.0,20.0,80.0,0.0,15.0,0.5,55.00000000000001,100.0,1.0999999999999999,1.0999999999999999,14.000000000000002,105.0,400.0,400.0,800.0,50.0,1051.0511,0.0,0.0,0.0,0.0,300.0,15.75,50.0,0.0,0.0,0.0,0.0,0.0,0.0,0.0,0.0,0.0,0.0,0.0,0.0,0.0,0.54,0.0,0.36,90.0,0.0,15.75,50.0,1
"7580ebb9-3fd7-4bc2-9f75-f9f715a878e8",GODIET305,"470fc1bc-025d-4ad1-aca5-eaf12abf54cd",1,2,2,"03/12/2020 0:00","03/12/2020 23:59",03/14/2020,1,3,0.0,0.0,0.0,0.0,0.0,0.0,0.0,500.0,8.0,50.0,20.0,80.0,0.0,15.0,0.5,55.00000000000001,100.0,1.0999999999999999,1.0999999999999999,14.000000000000002,105.0,400.0,400.0,800.0,50.0,1051.0511,0.0,0.0,0.0,0.0,300.0,15.75,50.0,0.0,0.0,0.0,0.0,0.0,0.0,0.0,0.0,0.0,0.0,0.0,0.0,0.0,0.0,0.0,0.0,70.0,0.0,15.75,50.0,1
"2bbfbd4a-564d-42dd-be38-86162aaae946",GODIET311,"3ef7be9c-c30e-4374-b5cd-80d47f214708",3,2,2,"08/29/2020 0:00","08/29/2020 23:59",08/29/2020,1,1,0.0,0.0,0.0,0.0,0.0,0.0,0.0,0.0,0.0,0.0,0.0,0.0,0.0,0.0,0.0,0.0,0.0,0.0,0.0,0.0,0.0,0.0,0.0,0.0,0.0,0.0,0.0,0.0,0.0,0.0,0.0,0.0,0.0,0.0,0.0,0.0,0.0,0.0,0.0,0.0,0.0,0.0,0.0,0.0,0.0,0.0,0.0,0.0,0.0,50.0,0.0,0.0,0.0,1
"a8b0c16b-d8f9-48b1-8fbd-b6a8b37db40c",GODIET311,"3ef7be9c-c30e-4374-b5cd-80d47f214708",3,1,2,"08/28/2020 0:00","08/28/2020 23:59",08/28/2020,1,1,0.0,0.0,0.0,0.0,0.0,0.0,0.0,0.0,0.0,0.0,0.0,0.0,0.0,0.0,0.0,0.0,0.0,0.0,0.0,0.0,0.0,0.0,0.0,0.0,0.0,0.0,0.0,0.0,0.0,0.0,0.0,0.0,0.0,0.0,0.0,0.0,0.0,0.0,0.0,0.0,0.0,0.0,0.0,0.0,0.0,0.0,0.0,0.0,0.0,50.0,0.0,0.0,0.0,1
"7abd02c8-02c3-485d-9c48-d858fe7da9ee",GODIET311,"3ef7be9c-c30e-4374-b5cd-80d47f214708",1,1,2,"08/08/2020 0:00","08/08/2020 23:59",08/08/2020,1,1,0.0,0.0,0.0,0.0,0.0,0.0,0.0,0.0,0.0,0.0,0.0,0.0,0.0,0.0,0.0,0.0,0.0,0.0,0.0,0.0,0.0,0.0,0.0,0.0,0.0,0.0,0.0,0.0,0.0,0.0,0.0,0.0,0.0,0.0,0.0,0.0,0.0,0.0,0.0,0.0,0.0,0.0,0.0,0.0,0.0,0.0,0.0,0.0,0.0,50.0,0.0,0.0,0.0,1
"475641c5-7586-4cd2-9acb-45e3b67272f3",GODIET311,"3ef7be9c-c30e-4374-b5cd-80d47f214708",1,2,2,"08/09/2020 0:00","08/09/2020 23:59",08/09/2020,1,1,0.0,0.0,0.0,0.0,0.0,0.0,0.0,0.0,0.0,0.0,0.0,0.0,0.0,0.0,0.0,0.0,0.0,0.0,0.0,0.0,0.0,0.0,0.0,0.0,0.0,0.0,0.0,0.0,0.0,0.0,0.0,0.0,0.0,0.0,0.0,0.0,0.0,0.0,0.0,0.0,0.0,0.0,0.0,0.0,0.0,0.0,0.0,0.0,0.0,50.0,0.0,0.0,0.0,1
"60b3c5f7-3e15-461a-ba94-ac1fc032c098",GODIET311,"3ef7be9c-c30e-4374-b5cd-80d47f214708",2,1,2,"08/20/2020 0:00","08/20/2020 23:59",08/20/2020,1,1,0.0,0.0,0.0,0.0,0.0,0.0,0.0,0.0,0.0,0.0,0.0,0.0,0.0,0.0,0.0,0.0,0.0,0.0,0.0,0.0,0.0,0.0,0.0,0.0,0.0,0.0,0.0,0.0,0.0,0.0,0.0,0.0,0.0,0.0,0.0,0.0,0.0,0.0,0.0,0.0,0.0,0.0,0.0,0.0,0.0,0.0,0.0,0.0,0.0,50.0,0.0,0.0,0.0,1
"11bb700b-33ce-4051-a316-4960f4d507d5",GODIET311,"3ef7be9c-c30e-4374-b5cd-80d47f214708",4,2,2,"09/17/2020 0:00","09/17/2020 23:59",09/17/2020,1,1,0.0,0.0,0.0,0.0,0.0,0.0,0.0,0.0,0.0,0.0,0.0,0.0,0.0,0.0,0.0,0.0,0.0,0.0,0.0,0.0,0.0,0.0,0.0,0.0,0.0,0.0,0.0,0.0,0.0,0.0,0.0,0.0,0.0,0.0,0.0,0.0,0.0,0.0,0.0,0.0,0.0,0.0,0.0,0.0,0.0,0.0,0.0,0.0,0.0,50.0,0.0,0.0,0.0,1
"3ce80b24-bdec-48e3-9a6f-4e9269fb0a3f",GODIET311,"3ef7be9c-c30e-4374-b5cd-80d47f214708",2,2,2,"08/21/2020 0:00","08/21/2020 23:59",08/21/2020,1,1,0.0,0.0,0.0,0.0,0.0,0.0,0.0,0.0,0.0,0.0,0.0,0.0,0.0,0.0,0.0,0.0,0.0,0.0,0.0,0.0,0.0,0.0,0.0,0.0,0.0,0.0,0.0,0.0,0.0,0.0,0.0,0.0,0.0,0.0,0.0,0.0,0.0,0.0,0.0,0.0,0.0,0.0,0.0,0.0,0.0,0.0,0.0,0.0,0.0,50.0,0.0,0.0,0.0,1
"a60af50b-6b47-4c41-87fd-d3aa11947115",GODIET311,"3ef7be9c-c30e-4374-b5cd-80d47f214708",4,1,2,"09/16/2020 0:00","09/16/2020 23:59",09/16/2020,1,1,0.0,0.0,0.0,0.0,0.0,0.0,0.0,0.0,0.0,0.0,0.0,0.0,0.0,0.0,0.0,0.0,0.0,0.0,0.0,0.0,0.0,0.0,0.0,0.0,0.0,0.0,0.0,0.0,0.0,0.0,0.0,0.0,0.0,0.0,0.0,0.0,0.0,0.0,0.0,0.0,0.0,0.0,0.0,0.0,0.0,0.0,0.0,0.0,0.0,50.0,0.0,0.0,0.0,1
"83be34e9-7443-407a-8298-f6030605d891",GODIET311,"3ef7be9c-c30e-4374-b5cd-80d47f214708",4,3,2,"09/18/2020 0:00","09/18/2020 23:59",09/18/2020,1,1,0.0,0.0,0.0,0.0,0.0,0.0,0.0,0.0,0.0,0.0,0.0,0.0,0.0,0.0,0.0,0.0,0.0,0.0,0.0,0.0,0.0,0.0,0.0,0.0,0.0,0.0,0.0,0.0,0.0,0.0,0.0,0.0,0.0,0.0,0.0,0.0,0.0,0.0,0.0,0.0,0.0,0.0,0.0,0.0,0.0,0.0,0.0,0.0,0.0,50.0,0.0,0.0,0.0,1
"0590325e-3207-40f3-b4c2-66a68cdf97c4",GODIET311,"3ef7be9c-c30e-4374-b5cd-80d47f214708",3,3,2,"08/30/2020 0:00","08/30/2020 23:59",08/30/2020,1,1,0.0,0.0,0.0,0.0,0.0,0.0,0.0,0.0,0.0,0.0,0.0,0.0,0.0,0.0,0.0,0.0,0.0,0.0,0.0,0.0,0.0,0.0,0.0,0.0,0.0,0.0,0.0,0.0,0.0,0.0,0.0,0.0,0.0,0.0,0.0,0.0,0.0,0.0,0.0,0.0,0.0,0.0,0.0,0.0,0.0,0.0,0.0,0.0,0.0,50.0,0.0,0.0,0.0,1
"059e072e-8d06-4bea-a8d9-8e426108f1de",GODIET311,"3ef7be9c-c30e-4374-b5cd-80d47f214708",2,3,2,"08/22/2020 0:00","08/22/2020 23:59",08/22/2020,1,1,0.0,0.0,0.0,0.0,0.0,0.0,0.0,0.0,0.0,0.0,0.0,0.0,0.0,0.0,0.0,0.0,0.0,0.0,0.0,0.0,0.0,0.0,0.0,0.0,0.0,0.0,0.0,0.0,0.0,0.0,0.0,0.0,0.0,0.0,0.0,0.0,0.0,0.0,0.0,0.0,0.0,0.0,0.0,0.0,0.0,0.0,0.0,0.0,0.0,50.0,0.0,0.0,0.0,1
"f3188381-6c5b-4145-ad25-3cec827e8b8e",GODIET315,"92b438fb-9c47-43d3-8173-813af7485d49",1,2,5,"11/20/2020 0:00","11/20/2020 23:59",11/22/2020,1,1,18.0,0.0,2.0,0.0,0.0,0.0,0.0,0.0,0.0,0.0,0.0,0.0,0.0,0.0,0.0,0.0,0.0,0.0,0.0,0.0,0.0,0.0,0.0,0.0,0.0,0.0,0.0,0.0,0.0,0.0,0.0,0.0,0.0,0.0,1.7500000000000002,0.0,0.0,0.0,0.0,0.0,0.05,0.0,0.15,0.0,0.0,0.0,0.0,0.0,0.0,0.0,0.0,0.0,0.0,1
"ea88ef68-0f7a-42a5-8281-15765da7500f",GODIET315,"92b438fb-9c47-43d3-8173-813af7485d49",1,3,2,"11/21/2020 0:00","11/21/2020 23:59",11/22/2020,1,1,5.0,0.0,0.5,0.0,0.0,0.0,0.0,0.0,0.0,0.0,0.0,0.0,0.0,0.0,0.0,0.0,0.0,0.0,0.0,0.0,0.0,0.0,0.0,0.0,0.0,0.0,0.0,0.0,0.0,0.0,0.0,0.0,0.0,0.0,0.0,0.0,0.0,0.0,0.0,0.0,0.0,0.0,0.0,0.0,0.0,0.0,0.09,0.0,0.06,0.0,0.0,0.0,0.0,1
"37b080b5-03d5-4720-9fb2-c114afb32818",GODIET321,"16b0127d-eee7-4035-9226-3413ede9a78d",1,1,2,"12/17/2020 0:00","12/17/2020 23:59",12/17/2020,1,0,0.0,0.0,0.0,0.0,0.0,0.0,0.0,0.0,0.0,0.0,0.0,0.0,0.0,0.0,0.0,0.0,0.0,0.0,0.0,0.0,0.0,0.0,0.0,0.0,0.0,0.0,0.0,0.0,0.0,0.0,0.0,0.0,0.0,0.0,0.0,0.0,0.0,0.0,0.0,0.0,0.0,0.0,0.0,0.0,0.0,0.0,0.0,0.0,0.0,0.0,0.0,0.0,0.0,1
"8e98489c-2b22-483a-9163-c7ac529fd3f0",GODIET329,"a4932ef4-2cc7-4bff-9bdd-32978bcfede5",1,1,2,"01/30/2021 0:00","01/30/2021 23:59",01/30/2021,1,0,0.1,0.0,0.01,0.0,0.0,0.0,0.0,0.0,0.0,0.0,0.0,0.0,0.0,0.0,0.0,0.0,0.0,0.0,0.0,0.0,0.0,0.0,0.0,0.0,0.0,0.0,0.0,0.0,0.0,0.0,0.0,0.0,0.0,0.0,0.0,0.0,0.0,0.0,0.0,0.0,0.0,0.0,0.0,0.0,0.0,0.0,0.0018,0.0,0.0012,0.0,0.0,0.0,0.0,1
"3f148adb-2d7a-43d6-bb15-0883ac436d8c",GODIET332,"70c749c3-1410-4794-acea-fe45e5700987",4,1,5,"04/24/2021 0:00","04/24/2021 23:59",04/24/2021,1,1,0.0,0.0,0.0,0.0,0.0,0.0,0.0,0.0,0.0,0.0,0.0,0.0,0.0,0.0,0.0,0.0,0.0,0.0,0.0,0.0,0.0,0.0,0.0,0.0,0.0,0.0,0.0,0.0,0.0,0.0,0.0,0.0,0.0,0.0,0.0,0.0,0.0,0.0,0.0,0.0,0.0,0.0,0.0,0.0,0.0,0.0,0.0,0.0,0.0,50.0,0.0,0.0,0.0,1
"6737c6e2-7d8f-4e00-aa28-cd0495c4b1e1",GODIET332,"70c749c3-1410-4794-acea-fe45e5700987",3,1,5,"04/17/2021 0:00","04/17/2021 23:59",04/17/2021,1,2,0.0,0.0,0.0,0.0,0.0,0.0,0.0,715.0,3.0,100.0,150.0,0.0,5.0,7.5,0.0,12.5,120.0,5.0,2.0,25.0,5.0,200.0,200.0,400.0,8.0,1501.5015,0.0,0.0,0.0,0.0,0.0,6.75,0.0,0.0,0.0,0.0,0.0,0.0,0.0,0.0,0.0,0.0,0.0,0.0,0.0,0.0,0.0,0.0,0.0,52.5,10.25,6.75,8.0,1
"68fbd5e2-1c3a-4b58-95f7-ce8bef65fa2e",GODIET332,"70c749c3-1410-4794-acea-fe45e5700987",4,2,2,"04/25/2021 0:00","04/25/2021 23:59",04/25/2021,1,1,0.0,0.0,0.0,0.0,0.0,0.0,0.0,0.0,0.0,0.0,0.0,0.0,0.0,0.0,0.0,0.0,0.0,0.0,0.0,0.0,0.0,0.0,0.0,0.0,0.0,0.0,0.0,0.0,0.0,0.0,0.0,0.0,0.0,0.0,0.0,0.0,0.0,0.0,0.0,0.0,0.0,0.0,0.0,0.0,0.0,0.0,0.0,0.0,0.0,50.0,0.0,0.0,0.0,1
"d98c1606-ee43-4a50-95a8-7362fc473432",GODIET332,"70c749c3-1410-4794-acea-fe45e5700987",2,1,2,"04/06/2021 0:00","04/06/2021 23:59",04/06/2021,1,5,0.0,0.0,0.0,0.0,0.0,0.0,0.0,0.0,0.0,200.0,0.0,0.0,0.0,18.0,0.0,0.0,500.0,0.0,0.0,0.0,0.0,0.0,0.0,0.0,100.0,0.0,0.0,0.0,0.0,0.0,0.0,0.0,0.0,0.0,0.0,0.0,0.0,0.0,0.0,0.0,0.0,0.0,0.0,0.0,0.0,0.0,0.0,0.0,0.0,25.0,0.0,0.0,100.0,1
"44bbbf09-af67-4363-804f-ee8e5d281dc8",GODIET332,"70c749c3-1410-4794-acea-fe45e5700987",4,3,2,"04/26/2021 0:00","04/26/2021 23:59",04/26/2021,1,1,0.0,0.0,0.0,0.0,0.0,0.0,0.0,0.0,0.0,0.0,0.0,0.0,0.0,0.0,0.0,0.0,0.0,0.0,0.0,0.0,0.0,0.0,0.0,0.0,0.0,0.0,0.0,0.0,0.0,0.0,0.0,0.0,0.0,0.0,0.0,0.0,0.0,0.0,0.0,0.0,0.0,0.0,0.0,0.0,0.0,0.0,0.0,0.0,0.0,50.0,0.0,0.0,0.0,1
